file_name,text
data/1.png,"opepen, opepen: a pixelated pepe the frog constructed of two eyes, a mouth, and a body. 2d opepen, black and white opepen, opepen outline, opepen template, line art, black background, white opepen"
data/2.png,"opepen, opepen: a pixelated pepe the frog constructed of two eyes, a mouth, and a body. 2d opepen, multicolored opepen, rainbow opepen, light brown background, tan background, filled in opepen"
data/3.png,"opepen, opepen: a pixelated pepe the frog constructed of two eyes, a mouth, and a body. 2d opepen, teal background, opepen, yellow, blue and red opepen, filled in opepen, primary colors"
data/4.png,"opepen, opepen: a pixelated pepe the frog constructed of two eyes, a mouth, and a body. 2d opepen, basic opepen, purple basic opepen, base opepen, black background, base opepen"
data/5.png,"opepen, opepen: a pixelated pepe the frog constructed of two eyes, a mouth, and a body. 2d opepen, basic opepen, teal blue basic opepen, blue base opepen, black background, base opepen"
data/6.png,"opepen, opepen: a pixelated pepe the frog constructed of two eyes, a mouth, and a body. opepen in the style of 3d render, hollow opepen, outline opepen, white background, white opepen, shadows, 3d opepen, empty opepen, shelf opepen, white border opepen"
data/7.png,"opepen, opepen: a pixelated pepe the frog constructed of two eyes, a mouth, and a body. opepen 3d render, opepen art, 3d opepen, green opepen, opepen made of neon lights and computer grids, mechanical opepen, industrial opepen, neon opepen, led opepen"
data/8.png,"opepen, opepen: a pixelated pepe the frog constructed of two eyes, a mouth, and a body. opepen 3d render, opepen art, mercury opepen, liquid opepen, metallic liquid opepen, abstract opepen, melting opepen, water opepen, silver opepen, grey opepen, shiny opepen, 3d opepen"
data/9.png,"opepen, opepen: a pixelated pepe the frog constructed of two eyes, a mouth, and a body. opepen pixel art, 2d opepen, blue and white opepen, white opepen, blue background, 8 bit opepen, low res opepen, retro opepen"
data/10.png,"opepen, opepen: a pixelated pepe the frog constructed of two eyes, a mouth, and a body. blue opepen, 2d opepen, space background, galaxy background, basic opepen"
data/11.png,"opepen, opepen: a pixelated pepe the frog constructed of two eyes, a mouth, and a body. neon opepen, 3d render opepen, 3d opepen, neon lights, glowing opepen, neon opepen, led opepen, neon sign, neon art, neon lights, multicolored, rainbow, red blue green yellow and white opepen, black background"
data/12.png,"opepen, opepen: a pixelated pepe the frog constructed of two eyes, a mouth, and a body. abstract art opepen, skewed opepen, white opepen, blue background, 2d opepen, flat art, lopsided opepen, off center opepen, off balance opepen, asymmetrical opepen, drunk opepen"
data/13.png,"opepen, opepen: a pixelated pepe the frog constructed of two eyes, a mouth, and a body. 2d opepen, opepen art, blueprint opepen, white outline opepen, blueprint design, template opepen, blue background"
data/14.png,"opepen, opepen: a pixelated pepe the frog constructed of two eyes, a mouth, and a body. 3d opepen, 3d render, blue opepen, side angle opepen, screw neck opepen, spring neck opepen, blue background"
data/15.png,"opepen, opepen: a pixelated pepe the frog constructed of two eyes, a mouth, and a body. 3d opepen, 3d render, graphite opepen, metal opepen, metallic opepen, steel opepen, iron opepen, grey opepen, grey background"
data/16.png,"opepen, opepen: a pixelated pepe the frog constructed of two eyes, a mouth, and a body. 3d render opepen, 3d art opepen, abstract opepen, an opepen outline filled with microscopic images of cells and spores, black and white, grayscale"
data/17.png,"opepen, opepen: a pixelated pepe the frog constructed of two eyes, a mouth, and a body. opepen with a sphere for a head, globe opepen, circle opepen, 2d opepen, opepen pixel art, 8 bit opepen, low res opepen, retro opepen, white opepen, yellow background"
data/18.png,"opepen, opepen: a pixelated pepe the frog constructed of two eyes, a mouth, and a body. opepen with a sphere for a head, globe opepen, circle opepen, 2d opepen, opepen pixel art, 8 bit opepen, low res opepen, retro opepen, white opepen, purple background"
data/19.png,"opepen, opepen: a pixelated pepe the frog constructed of two eyes, a mouth, and a body. opepen with a sphere for a head, globe opepen, circle opepen, 3d opepen, 3d render, art opepen, metallic sphere, shiny ball, black and grey opepen, silver opepen, black body opepen, white and grey gradient background"
data/20.png,"opepen, opepen: a pixelated pepe the frog constructed of two eyes, a mouth, and a body. 3d opepen, 3d render, art opepen, dripping paint, paint splatter opepen, black opepen splattered in yellow paint, grey background, yellow paint splatter, yellow opepen, black and yellow opepen"
data/21.png,"opepen, opepen: a pixelated pepe the frog constructed of two eyes, a mouth, and a body. 3d opepen, 3d render, art opepen, webcore, old web, y2k, pink gloss opepen, pc and computer keyboard opepen, retro opepen, background is fur, background is light pastel blue fur hair, rug background, miniature computer, miniature keyboard, hello kitty opepen"
data/22.png,"opepen, opepen: a pixelated pepe the frog constructed of two eyes, a mouth, and a body. flat art opepen, art opepen, abstract opepen, photography opepen, image of man standing on coastline beach shore lake water ocean, sunset on ocean, mountains background, body is photographs of ocean sunset, background is mountains image photograph"
data/23.png,"opepen, opepen: a pixelated pepe the frog constructed of two eyes, a mouth, and a body. 2d opepen, opepen template, base opepen, black opepen, white background, basic opepen"
data/24.png,"opepen, opepen: a pixelated pepe the frog constructed of two eyes, a mouth, and a body. opepen head, opepen multicored, opepen rainbow, 2d opepen, low res opepen"
data/25.png,"opepen, opepen: a pixelated pepe the frog constructed of two eyes, a mouth, and a body. teal purple salmon opepen, flat opepen, 2d opepen, base opepen, basic opepen"
data/26.png,"opepen, opepen: a pixelated pepe the frog constructed of two eyes, a mouth, and a body. 2d opepen, basic opepen, green basic opepen, base opepen, black background, base opepen"
data/27.png,"opepen, opepen: a pixelated pepe the frog constructed of two eyes, a mouth, and a body. outline opepen, black outline, gradient background, purple yellow background, teal yellow white and transparent opepen"
data/28.png,"opepen, opepen: a pixelated pepe the frog constructed of two eyes, a mouth, and a body. 2d opepen, basic opepen, purple red green brown black opepen, basic opepen, base opepen, black background, base opepen"
data/29.png,"opepen, opepen: a pixelated pepe the frog constructed of two eyes, a mouth, and a body. art opepen, abstract opepen, renaissance art opepen, an opepen made of renaissance paintings, art history opepen, art museum opepen, art gallery opepen, art exhibit opepen, art show opepen, art class opepen, art"
data/30.png,"opepen, opepen: a pixelated pepe the frog constructed of two eyes, a mouth, and a body. opepen made of water, liquid opepen, rain opepen, black and blue background, transparent opepen, outline opepen, blue outline, black outline, clear opepen, water droplet opepen"
data/31.png,"opepen, opepen: a pixelated pepe the frog constructed of two eyes, a mouth, and a body. 2d opepen, flat opepen, abstract opepen, diamond face opepen, logo face opepen, teal and blue opepen"
data/32.png,"opepen, opepen: a pixelated pepe the frog constructed of two eyes, a mouth, and a body. 2d opepen, flat opepen, abstract opepen, pixel opepen, retro opepen, 8 bit, spiral pixel face opepen, logo face opepen, teal and blue opepen, spin, spiral, swirl"
data/33.png,"opepen, opepen: a pixelated pepe the frog constructed of two eyes, a mouth, and a body. 2d opepen, opepen template, base opepen, orange opepen, white background, basic opepen"
data/34.png,"opepen, opepen: a pixelated pepe the frog constructed of two eyes, a mouth, and a body. 2d opepen, opepen template, base opepen, light green pink black purple opepen, plum background, basic opepen, weed opepen, marijuana opepen, high opepen, cooked"
data/35.png,"opepen, opepen: a pixelated pepe the frog constructed of two eyes, a mouth, and a body. 3d render, 3d opepen, laser beam, beam, green neon opepen, black background, neon lights, glowing opepen, neon opepen, led opepen, neon sign, neon art, neon lights"
data/36.png,"opepen, opepen: a pixelated pepe the frog constructed of two eyes, a mouth, and a body. 3d render, 3d opepen, rainbow glass opepen, church window opepen, translucent opepen, iridescent opepen, stained glass opepen, black background, rainbow colors, multicolored opepen"
data/37.png,"opepen, opepen: a pixelated pepe the frog constructed of two eyes, a mouth, and a body. waterpaint opepen, red blue yellow opepen, primary color opepen, paint opepen, paint splatter, paint dripping"
data/38.png,"opepen, opepen: a pixelated pepe the frog constructed of two eyes, a mouth, and a body. 3d render, 3d opepen, yellow background, red opepen, real eyes, eyeballs, black and white eyes, eyes on opepen, glaring, low stare, low eye, shadow, 3d shadow, drop shadow"
data/39.png,"opepen, opepen: a pixelated pepe the frog constructed of two eyes, a mouth, and a body. pixel opepen, 2d opepen, flat opepen, dark red, dark purple opepen, radial gradient background, white and black eyes"
data/40.png,"opepen, opepen: a pixelated pepe the frog constructed of two eyes, a mouth, and a body. 2d opepen, opepen template, base opepen, green to light brown gradient opepen, tan and green opepen, black and white eyes, white background, basic opepen"
data/41.png,"opepen, opepen: a pixelated pepe the frog constructed of two eyes, a mouth, and a body. 2d opepen, opepen template, base opepen, neon pink green yellow white opepen face, pastel pink green yellow white opepen body, white background, basic opepen"
data/42.png,"opepen, opepen: a pixelated pepe the frog constructed of two eyes, a mouth, and a body. 2d opepen, opepen template, base opepen, green opepen, white background, basic opepen"
data/43.png,"opepen, opepen: a pixelated pepe the frog constructed of two eyes, a mouth, and a body. cool opepen, opepen with goggles, opepen wearing glasses, sunglasses, green sunglasses, black shades, tan and green opepen, green background, flat opepen, 2d opepen, basic opepen, base opepen"
data/44.png,"opepen, opepen: a pixelated pepe the frog constructed of two eyes, a mouth, and a body. 2d opepen, opepen template, base opepen, green red white grey opepen, white background, basic opepen"
data/45.png,"opepen, opepen: a pixelated pepe the frog constructed of two eyes, a mouth, and a body. 3d render opepen, 3d art opepen, abstract opepen, an opepen made of geometric 3d shapes, multicolored, an oval shaped red ring for the left eye"
data/46.png,"opepen, opepen: a pixelated pepe the frog constructed of two eyes, a mouth, and a body. 2d opepen, opepen template, base opepen, pink blue yellow opepen, white background, basic opepen"
data/47.png,"opepen, opepen: a pixelated pepe the frog constructed of two eyes, a mouth, and a body. scribble opepen, art opepen, abstract opepen, green opepen, white and black eyes opepen, black background opepen, line art, drawn opepen, pencil opepen, colored pencil, marker, drawn, handdrawn"
data/48.png,"opepen, opepen: a pixelated pepe the frog constructed of two eyes, a mouth, and a body. basic opepen, 2d opepen, flat opepen, red and blue eyes, white body, green background, base opepen"
data/49.png,"opepen, opepen: a pixelated pepe the frog constructed of two eyes, a mouth, and a body. 3d render opepen, 3d opepen, hollow opepen, outline opepen, outline is made of pink peach glowing borders, background is an empty room in 3d colored white with a pink led light on the ground"
data/50.png,"opepen, opepen: a pixelated pepe the frog constructed of two eyes, a mouth, and a body. 3d render opepen, 3d opepen, wood block opepen, wooden opepen, opepen made of wood, black background, glowing wood, shining wood, wood grain, wood texture, wood pattern"
data/51.png,"opepen, opepen: a pixelated pepe the frog constructed of two eyes, a mouth, and a body. abstract opepen, 3d opepen, 3d render opepen, art opepen, glowing rings opepen, opepen made of circles, ring opepen, circular opepen, rounded opepen, all circles opepen, light gold opepen, light yellow light, ambient light opepen"
data/52.png,"opepen, opepen: a pixelated pepe the frog constructed of two eyes, a mouth, and a body. abstract opepen, 3d opepen, 3d render opepen, art opepen, glowing rings opepen, opepen made of circles, ring opepen, circular opepen, rounded opepen, all circles opepen, silver outline opepen, black body and face head opepen"
data/53.png,"opepen, opepen: a pixelated pepe the frog constructed of two eyes, a mouth, and a body. 3d render opepen, abstract opepen, an opepen made of lizard skin, reptile opepen, snake opepen, snake skin opepen, lizard opepen, green opepen, dark green background, orange shirt, orange body opepen, reptilian opepen"
data/54.png,"opepen, opepen: a pixelated pepe the frog constructed of two eyes, a mouth, and a body. 3d render opepen, abstract opepen, robotic opepen, robot skeleton opepen, robot undead opepen, machine opepen, mechanical opepen, dark, metal opepen, dark background, black background, 3d opepen"
data/55.png,"opepen, opepen: a pixelated pepe the frog constructed of two eyes, a mouth, and a body. 2d opepen, template opepen, outline opepen, white outline opepen, rainbow texture in body and head opepen, rainbow, neon rainbow, neon colors, multicolored, rainbow everywhere, black background"
data/56.png,"opepen, opepen: a pixelated pepe the frog constructed of two eyes, a mouth, and a body. paint opepen, art opepen, 2d opepen, opepen made of paintings in each cell, black background opepen"
data/57.png,"opepen, opepen: a pixelated pepe the frog constructed of two eyes, a mouth, and a body. 2d opepen, opepen template, base opepen, lakers colors, lakers, purple and yellow opepen, black background, basic opepen"
data/58.png,"opepen, opepen: a pixelated pepe the frog constructed of two eyes, a mouth, and a body. 2d opepen, opepen template, base opepen, red and white opepen, white background, basic opepen"
data/59.png,"opepen, opepen: a pixelated pepe the frog constructed of two eyes, a mouth, and a body. 2d opepen, opepen template, base opepen, green opepen, white background, basic opepen"
data/60.png,"opepen, opepen: a pixelated pepe the frog constructed of two eyes, a mouth, and a body. 2d opepen, opepen template, base opepen, red and white opepen, black background, basic opepen"
data/61.png,"opepen, opepen: a pixelated pepe the frog constructed of two eyes, a mouth, and a body. 2d opepen, opepen template, base opepen, white opepen, black background, basic opepen"
data/62.png,"opepen, opepen: a pixelated pepe the frog constructed of two eyes, a mouth, and a body. 2d opepen, opepen template, base opepen, teal opepen, black background, basic opepen"
data/63.png,"opepen, opepen: a pixelated pepe the frog constructed of two eyes, a mouth, and a body. 2d opepen, opepen template, base opepen, green opepen, black background, basic opepen"
data/64.png,"opepen, opepen: a pixelated pepe the frog constructed of two eyes, a mouth, and a body. 2d opepen, opepen template, base opepen, red opepen, black background, basic opepen"
data/65.png,"opepen, opepen: a pixelated pepe the frog constructed of two eyes, a mouth, and a body. 2d opepen, opepen template, base opepen, purple opepen, white background, basic opepen"
data/66.png,"opepen, opepen: a pixelated pepe the frog constructed of two eyes, a mouth, and a body. 2d opepen, opepen template, base opepen, purple opepen, white background, basic opepen"
data/67.png,"opepen, opepen: a pixelated pepe the frog constructed of two eyes, a mouth, and a body. 2d opepen, opepen template, base opepen, purple opepen, white background, basic opepen"
data/68.png,"opepen, opepen: a pixelated pepe the frog constructed of two eyes, a mouth, and a body. 2d opepen, opepen template, base opepen, purple opepen, white background, basic opepen"
data/69.png,"opepen, opepen: a pixelated pepe the frog constructed of two eyes, a mouth, and a body. 2d opepen, opepen template, base opepen, purple opepen, white background, basic opepen"
data/70.png,"opepen, opepen: a pixelated pepe the frog constructed of two eyes, a mouth, and a body. 2d opepen, opepen template, base opepen, purple opepen, white background, basic opepen"
data/template.png,"opepen, opepen: a pixelated pepe the frog constructed of two eyes, a mouth, and a body. 2d opepen, opepen template, opepen base, opepen outline, opepen schematic, black outline, hollow, white background"
data/template1.png,"opepen, opepen: a pixelated pepe the frog constructed of two eyes, a mouth, and a body. 2d opepen, opepen template, opepen base, opepen outline, opepen schematic, black outline, hollow, white background"
data/template2.png,"opepen, opepen: a pixelated pepe the frog constructed of two eyes, a mouth, and a body. 2d opepen, opepen template, opepen base, opepen outline, opepen schematic, black outline, hollow, white background"
data/template3.png,"opepen, opepen: a pixelated pepe the frog constructed of two eyes, a mouth, and a body. 2d opepen, opepen template, opepen base, opepen outline, opepen schematic, black outline, hollow, white background"
data/template4.png,"opepen, opepen: a pixelated pepe the frog constructed of two eyes, a mouth, and a body. 2d opepen, opepen template, opepen base, opepen outline, opepen schematic, black outline, hollow, white background"
data/template5.png,"opepen, opepen: a pixelated pepe the frog constructed of two eyes, a mouth, and a body. 2d opepen, opepen template, opepen base, opepen outline, opepen schematic, black outline, hollow, white background"
data/template6.png,"opepen, opepen: a pixelated pepe the frog constructed of two eyes, a mouth, and a body. 2d opepen, opepen template, opepen base, opepen outline, opepen schematic, black outline, hollow, white background"
data/template7.png,"opepen, opepen: a pixelated pepe the frog constructed of two eyes, a mouth, and a body. 2d opepen, opepen template, opepen base, opepen outline, opepen schematic, black outline, hollow, white background"
data/template8.png,"opepen, opepen: a pixelated pepe the frog constructed of two eyes, a mouth, and a body. 2d opepen, opepen template, opepen base, opepen outline, opepen schematic, black outline, hollow, white background"
data/template9.png,"opepen, opepen: a pixelated pepe the frog constructed of two eyes, a mouth, and a body. 2d opepen, opepen template, opepen base, opepen outline, opepen schematic, black outline, hollow, white background"
data/template10.png,"opepen, opepen: a pixelated pepe the frog constructed of two eyes, a mouth, and a body. 2d opepen, opepen template, opepen base, opepen outline, opepen schematic, black outline, hollow, white background"
data/template11.png,"opepen, opepen: a pixelated pepe the frog constructed of two eyes, a mouth, and a body. 2d opepen, opepen template, opepen base, opepen outline, opepen schematic, black outline, hollow, white background"
data/template12.png,"opepen, opepen: a pixelated pepe the frog constructed of two eyes, a mouth, and a body. 2d opepen, opepen template, opepen base, opepen outline, opepen schematic, black outline, hollow, white background"
data/template13.png,"opepen, opepen: a pixelated pepe the frog constructed of two eyes, a mouth, and a body. 2d opepen, opepen template, opepen base, opepen outline, opepen schematic, black outline, hollow, white background"
data/template14.png,"opepen, opepen: a pixelated pepe the frog constructed of two eyes, a mouth, and a body. 2d opepen, opepen template, opepen base, opepen outline, opepen schematic, black outline, hollow, white background"
data/template15.png,"opepen, opepen: a pixelated pepe the frog constructed of two eyes, a mouth, and a body. 2d opepen, opepen template, opepen base, opepen outline, opepen schematic, black outline, hollow, white background"
data/template16.png,"opepen, opepen: a pixelated pepe the frog constructed of two eyes, a mouth, and a body. 2d opepen, opepen template, opepen base, opepen outline, opepen schematic, black outline, hollow, white background"
data/template17.png,"opepen, opepen: a pixelated pepe the frog constructed of two eyes, a mouth, and a body. 2d opepen, opepen template, opepen base, opepen outline, opepen schematic, black outline, hollow, white background"
data/template18.png,"opepen, opepen: a pixelated pepe the frog constructed of two eyes, a mouth, and a body. 2d opepen, opepen template, opepen base, opepen outline, opepen schematic, black outline, hollow, white background"
data/template19.png,"opepen, opepen: a pixelated pepe the frog constructed of two eyes, a mouth, and a body. 2d opepen, opepen template, opepen base, opepen outline, opepen schematic, black outline, hollow, white background"
data/template20.png,"opepen, opepen: a pixelated pepe the frog constructed of two eyes, a mouth, and a body. 2d opepen, opepen template, opepen base, opepen outline, opepen schematic, black outline, hollow, white background"
data/template21.png,"opepen, opepen: a pixelated pepe the frog constructed of two eyes, a mouth, and a body. 2d opepen, opepen template, opepen base, opepen outline, opepen schematic, black outline, hollow, white background"
data/template22.png,"opepen, opepen: a pixelated pepe the frog constructed of two eyes, a mouth, and a body. 2d opepen, opepen template, opepen base, opepen outline, opepen schematic, black outline, hollow, white background"
data/template23.png,"opepen, opepen: a pixelated pepe the frog constructed of two eyes, a mouth, and a body. 2d opepen, opepen template, opepen base, opepen outline, opepen schematic, black outline, hollow, white background"
data/template24.png,"opepen, opepen: a pixelated pepe the frog constructed of two eyes, a mouth, and a body. 2d opepen, opepen template, opepen base, opepen outline, opepen schematic, black outline, hollow, white background"
data/template25.png,"opepen, opepen: a pixelated pepe the frog constructed of two eyes, a mouth, and a body. 2d opepen, opepen template, opepen base, opepen outline, opepen schematic, black outline, hollow, white background"
data/template26.png,"opepen, opepen: a pixelated pepe the frog constructed of two eyes, a mouth, and a body. 2d opepen, opepen template, opepen base, opepen outline, opepen schematic, black outline, hollow, white background"
data/template27.png,"opepen, opepen: a pixelated pepe the frog constructed of two eyes, a mouth, and a body. 2d opepen, opepen template, opepen base, opepen outline, opepen schematic, black outline, hollow, white background"
data/template28.png,"opepen, opepen: a pixelated pepe the frog constructed of two eyes, a mouth, and a body. 2d opepen, opepen template, opepen base, opepen outline, opepen schematic, black outline, hollow, white background"
data/template29.png,"opepen, opepen: a pixelated pepe the frog constructed of two eyes, a mouth, and a body. 2d opepen, opepen template, opepen base, opepen outline, opepen schematic, black outline, hollow, white background"
data/template30.png,"opepen, opepen: a pixelated pepe the frog constructed of two eyes, a mouth, and a body. 2d opepen, opepen template, opepen base, opepen outline, opepen schematic, black outline, hollow, white background"
